"","gene_id","baseMean","log2FoldChange","lfcSE","stat","pvalue","padj","s-53","s-54","s-93","s-94","s-43","s-44","s-83","s-84"
"1","TMEM176B",40.0680937025845,2.48548555212522,0.567445026306086,4.38013452740093,1.18606063009208e-05,0.0198072125225377,17.1526822111666,49.2913438798793,10.2539797203864,43.614551678049,12.8919576939749,128.618680191035,8.38828751635029,50.3332667298346
"2","ANKRD36BP2",182.409987525024,1.37578401713207,0.336695789055876,4.08613372026389,4.38621048690909e-05,0.025092173220967,79.7599722819246,233.409010725311,122.258988973838,353.277868592197,86.3761165496318,251.520974595802,117.436025228904,215.240943252582
"3","FAM198B",19.2739779592096,3.91591708964902,0.95983222291,4.07979331822891,4.50757602771862e-05,0.025092173220967,1.71526822111666,17.3969448987809,1.57753534159791,17.4458206712196,4.51218519289121,98.6076548131269,1.67765750327006,11.2587570316735
"4","CFAP54",64.3431889330994,2.18214388773916,0.545758999598345,3.99836537619192,6.37814411143645e-05,0.0266287516652472,15.4374139900499,42.0426168387205,25.2405654655666,94.4981953024396,19.3379365409623,127.189583744468,32.7143213137661,158.284878268822
